ID,Name,Age
1,John Doe,28
2,Jane Smith,34
3,MissingColumn
4,Extra,Column,Data
5,"Quoted "Field",Test
6,No Age
7,Name_7
8,Name_8
9,Name_9
10,Name_10
11,Name_11
12,Name_12
13,Name_13
14,Name_14
15,Name_15
16,Name_16
17,Name_17
18,Name_18
19,Name_19
20,Name_20
21,Name_21
22,Name_22
23,Name_23
24,Name_24
25,Name_25
26,Name_26
27,Name_27
28,Name_28
29,Name_29
30,Name_30
31,Name_31
32,Name_32
33,Name_33
34,Name_34
35,Name_35
36,Name_36
37,Name_37
38,Name_38
39,Name_39
40,Name_40
41,Name_41
42,Name_42
43,Name_43
44,Name_44
45,Name_45
46,Name_46
47,Name_47
48,Name_48
49,Name_49
50,Name_50
51,Name_51
52,Name_52
53,Name_53
54,Name_54
55,Name_55
56,Name_56
57,Name_57
58,Name_58
59,Name_59
60,Name_60
61,Name_61
62,Name_62
63,Name_63
64,Name_64
65,Name_65
66,Name_66
67,Name_67
68,Name_68
69,Name_69
70,Name_70
71,Name_71
72,Name_72
73,Name_73
74,Name_74
75,Name_75
76,Name_76
77,Name_77
78,Name_78
79,Name_79
80,Name_80
81,Name_81
82,Name_82
83,Name_83
84,Name_84
85,Name_85
86,Name_86
87,Name_87
88,Name_88
89,Name_89
90,Name_90
91,Name_91
92,Name_92
93,Name_93
94,Name_94
95,Name_95
96,Name_96
97,Name_97
98,Name_98
99,Name_99
100,Name_100
